<Data>
	<Title>Stage 2</Title>
	<Event>
		<Music>Windy_Day.wav</Music>
		<Delay>100</Delay>
		<Enemy>
			<ID>5</ID>
			<Pattern>1</Pattern>
			<X>600</X>
			<Y>-100</Y>
			<Amplitude>-2</Amplitude>
			<Stretch>2</Stretch>
			<PosInFormula>-25</PosInFormula>
			<TowardsPositive>1</TowardsPositive>
			<Inverse>0</Inverse>
			<Repeat>1</Repeat>
			<Advanced>0</Advanced>
			<ContainPOW>0</ContainPOW>
		</Enemy>
		<Enemy>
			<ID>5</ID>
			<Pattern>1</Pattern>
			<X>400</X>
			<Y>-100</Y>
			<Amplitude>-2</Amplitude>
			<Stretch>2</Stretch>
			<PosInFormula>25</PosInFormula>
			<TowardsPositive>0</TowardsPositive>
			<Inverse>0</Inverse>
			<Repeat>1</Repeat>
			<Advanced>0</Advanced>
			<ContainPOW>0</ContainPOW>
		</Enemy>
	</Event>
	<Event>
		<Delay>50</Delay>
		<Enemy>
			<ID>4</ID>
			<Pattern>3</Pattern>
			<X>500</X>
			<Y>-50</Y>
			<Amplitude>350</Amplitude>
			<Stretch>5</Stretch>
			<TowardsPositive>1</TowardsPositive>
			<Inverse>1</Inverse>
			<Repeat>1</Repeat>
			<Advanced>0</Advanced>
			<ContainPOW>0</ContainPOW>
		</Enemy>
		<Enemy>
			<ID>4</ID>
			<Pattern>3</Pattern>
			<X>500</X>
			<Y>-150</Y>
			<Amplitude>350</Amplitude>
			<Stretch>5</Stretch>
			<TowardsPositive>1</TowardsPositive>
			<Inverse>1</Inverse>
			<Repeat>1</Repeat>
			<Advanced>0</Advanced>
			<ContainPOW>0</ContainPOW>
		</Enemy>
		<Enemy>
			<ID>4</ID>
			<Pattern>3</Pattern>
			<X>500</X>
			<Y>-250</Y>
			<Amplitude>350</Amplitude>
			<Stretch>5</Stretch>
			<TowardsPositive>1</TowardsPositive>
			<Inverse>1</Inverse>
			<Repeat>1</Repeat>
			<Advanced>0</Advanced>
			<ContainPOW>0</ContainPOW>
		</Enemy>
	</Event>
	<Event>
		<Delay>50</Delay>
		<Enemy>
			<ID>5</ID>
			<Pattern>4</Pattern>
			<X>-100</X>
			<Y>250</Y>
			<OriginX>50</OriginX>
			<OriginY>250</OriginY>
			<Repeat>0</Repeat>
			<Advanced>0</Advanced>
		</Enemy>
		<Enemy>
			<ID>5</ID>
			<Pattern>4</Pattern>
			<X>-100</X>
			<Y>450</Y>
			<OriginX>50</OriginX>
			<OriginY>450</OriginY>
			<Repeat>0</Repeat>
			<Advanced>0</Advanced>
		</Enemy>
		<Enemy>
			<ID>5</ID>
			<Pattern>4</Pattern>
			<X>1100</X>
			<Y>250</Y>
			<OriginX>950</OriginX>
			<OriginY>250</OriginY>
			<Repeat>0</Repeat>
			<Advanced>0</Advanced>
		</Enemy>
		<Enemy>
			<ID>5</ID>
			<Pattern>4</Pattern>
			<X>1100</X>
			<Y>450</Y>
			<OriginX>950</OriginX>
			<OriginY>450</OriginY>
			<Repeat>0</Repeat>
			<Advanced>0</Advanced>
		</Enemy>
		<Enemy>
			<ID>5</ID>
			<Pattern>4</Pattern>
			<X>300</X>
			<Y>-100</Y>
			<OriginX>300</OriginX>
			<OriginY>50</OriginY>
			<Repeat>0</Repeat>
			<Advanced>0</Advanced>
		</Enemy>
		<Enemy>
			<ID>5</ID>
			<Pattern>4</Pattern>
			<X>700</X>
			<Y>-100</Y>
			<OriginX>700</OriginX>
			<OriginY>50</OriginY>
			<Repeat>0</Repeat>
			<Advanced>0</Advanced>
		</Enemy>
		<Enemy>
			<ID>5</ID>
			<Pattern>4</Pattern>
			<X>300</X>
			<Y>800</Y>
			<OriginX>300</OriginX>
			<OriginY>650</OriginY>
			<Repeat>0</Repeat>
			<Advanced>0</Advanced>
		</Enemy>
		<Enemy>
			<ID>5</ID>
			<Pattern>4</Pattern>
			<X>700</X>
			<Y>800</Y>
			<OriginX>700</OriginX>
			<OriginY>650</OriginY>
			<Repeat>0</Repeat>
			<Advanced>0</Advanced>
		</Enemy>
	</Event>
	<Event>
		<Delay>50</Delay>
		<Enemy>
			<ID>12</ID>
			<Pattern>0</Pattern>
			<X>-100</X>
			<Y>350</Y>
			<Angle>90</Angle>
			<Repeat>1</Repeat>
			<Advanced>1</Advanced>
			<ContainPOW>1</ContainPOW>
			<POWID>2</POWID>
		</Enemy>
		<Enemy>
			<ID>12</ID>
			<Pattern>0</Pattern>
			<X>1100</X>
			<Y>350</Y>
			<Angle>270</Angle>
			<Repeat>1</Repeat>
			<Advanced>1</Advanced>
			<ContainPOW>0</ContainPOW>
		</Enemy>
	</Event>
	<Event>
		<Delay>50</Delay>
		<Enemy>
			<ID>4</ID>
			<Pattern>2</Pattern>
			<X>-100</X>
			<Y>-100</Y>
			<OriginX>250</OriginX>
			<OriginY>250</OriginY>
			<Radius>200</Radius>
			<TowardsPositive>1</TowardsPositive>
			<Repeat>0</Repeat>
			<Advanced>0</Advanced>
			<ContainPOW>0</ContainPOW>
		</Enemy>
		<Enemy>
			<ID>4</ID>
			<Pattern>2</Pattern>
			<X>1100</X>
			<Y>-100</Y>
			<OriginX>750</OriginX>
			<OriginY>250</OriginY>
			<Radius>200</Radius>
			<TowardsPositive>0</TowardsPositive>
			<Repeat>0</Repeat>
			<Advanced>0</Advanced>
			<ContainPOW>0</ContainPOW>
		</Enemy>
		<Enemy>
			<ID>4</ID>
			<Pattern>2</Pattern>
			<X>-100</X>
			<Y>800</Y>
			<OriginX>250</OriginX>
			<OriginY>450</OriginY>
			<Radius>200</Radius>
			<TowardsPositive>0</TowardsPositive>
			<Repeat>0</Repeat>
			<Advanced>0</Advanced>
			<ContainPOW>0</ContainPOW>
		</Enemy>
		<Enemy>
			<ID>4</ID>
			<Pattern>2</Pattern>
			<X>1100</X>
			<Y>800</Y>
			<OriginX>750</OriginX>
			<OriginY>450</OriginY>
			<Radius>200</Radius>
			<TowardsPositive>1</TowardsPositive>
			<Repeat>0</Repeat>
			<Advanced>0</Advanced>
			<ContainPOW>0</ContainPOW>
		</Enemy>
	</Event>
	<Event>
		<Delay>50</Delay>
		<Enemy>
			<ID>3</ID>
			<Pattern>0</Pattern>
			<X>-100</X>
			<Y>-100</Y>
			<Angle>135</Angle>
			<Repeat>1</Repeat>
			<Advanced>1</Advanced>
			<ContainPOW>1</ContainPOW>
			<POWID>3</POWID>
		</Enemy>
	</Event>
	<Event>
		<Delay>50</Delay>
		<Enemy>
			<ID>3</ID>
			<Pattern>3</Pattern>
			<X>1100</X>
			<Y>150</Y>
			<Amplitude>75</Amplitude>
			<Stretch>4</Stretch>
			<TowardsPositive>0</TowardsPositive>
			<Inverse>0</Inverse>
			<Repeat>1</Repeat>
			<Advanced>0</Advanced>
			<ContainPOW>0</ContainPOW>
		</Enemy>
		<Enemy>
			<ID>3</ID>
			<Pattern>3</Pattern>
			<X>1100</X>
			<Y>550</Y>
			<Amplitude>-75</Amplitude>
			<Stretch>4</Stretch>
			<TowardsPositive>0</TowardsPositive>
			<Inverse>0</Inverse>
			<Repeat>1</Repeat>
			<Advanced>0</Advanced>
			<ContainPOW>0</ContainPOW>
		</Enemy>
	</Event>
	<Event>
		<Delay>50</Delay>
		<Enemy>
			<ID>5</ID>
			<Pattern>2</Pattern>
			<X>-100</X>
			<Y>-100</Y>
			<OriginX>500</OriginX>
			<OriginY>350</OriginY>
			<Radius>300</Radius>
			<TowardsPositive>1</TowardsPositive>
			<Repeat>0</Repeat>
			<Advanced>0</Advanced>
			<ContainPOW>0</ContainPOW>
		</Enemy>
		<Enemy>
			<ID>5</ID>
			<Pattern>2</Pattern>
			<X>500</X>
			<Y>-400</Y>
			<OriginX>500</OriginX>
			<OriginY>350</OriginY>
			<Radius>300</Radius>
			<TowardsPositive>1</TowardsPositive>
			<Repeat>0</Repeat>
			<Advanced>0</Advanced>
			<ContainPOW>0</ContainPOW>
		</Enemy>
		<Enemy>
			<ID>5</ID>
			<Pattern>2</Pattern>
			<X>1100</X>
			<Y>-100</Y>
			<OriginX>500</OriginX>
			<OriginY>350</OriginY>
			<Radius>300</Radius>
			<TowardsPositive>1</TowardsPositive>
			<Repeat>0</Repeat>
			<Advanced>0</Advanced>
			<ContainPOW>0</ContainPOW>
		</Enemy>
		<Enemy>
			<ID>5</ID>
			<Pattern>2</Pattern>
			<X>1100</X>
			<Y>350</Y>
			<OriginX>500</OriginX>
			<OriginY>350</OriginY>
			<Radius>300</Radius>
			<TowardsPositive>1</TowardsPositive>
			<Repeat>0</Repeat>
			<Advanced>0</Advanced>
			<ContainPOW>0</ContainPOW>
		</Enemy>
		<Enemy>
			<ID>5</ID>
			<Pattern>2</Pattern>
			<X>1100</X>
			<Y>800</Y>
			<OriginX>500</OriginX>
			<OriginY>350</OriginY>
			<Radius>300</Radius>
			<TowardsPositive>1</TowardsPositive>
			<Repeat>0</Repeat>
			<Advanced>0</Advanced>
			<ContainPOW>0</ContainPOW>
		</Enemy>
		<Enemy>
			<ID>5</ID>
			<Pattern>2</Pattern>
			<X>500</X>
			<Y>1100</Y>
			<OriginX>500</OriginX>
			<OriginY>350</OriginY>
			<Radius>300</Radius>
			<TowardsPositive>1</TowardsPositive>
			<Repeat>0</Repeat>
			<Advanced>0</Advanced>
			<ContainPOW>0</ContainPOW>
		</Enemy>
		<Enemy>
			<ID>5</ID>
			<Pattern>2</Pattern>
			<X>-100</X>
			<Y>800</Y>
			<OriginX>500</OriginX>
			<OriginY>350</OriginY>
			<Radius>300</Radius>
			<TowardsPositive>1</TowardsPositive>
			<Repeat>0</Repeat>
			<Advanced>0</Advanced>
			<ContainPOW>0</ContainPOW>
		</Enemy>
		<Enemy>
			<ID>5</ID>
			<Pattern>2</Pattern>
			<X>-100</X>
			<Y>350</Y>
			<OriginX>500</OriginX>
			<OriginY>350</OriginY>
			<Radius>300</Radius>
			<TowardsPositive>1</TowardsPositive>
			<Repeat>0</Repeat>
			<Advanced>0</Advanced>
			<ContainPOW>0</ContainPOW>
		</Enemy>
	</Event>
	<Event>
		<Delay>50</Delay>
		<Enemy>
			<ID>7</ID>
			<Pattern>0</Pattern>
			<X>250</X>
			<Y>800</Y>
			<Angle>0</Angle>
			<Repeat>0</Repeat>
			<Advanced>0</Advanced>
			<ContainPOW>0</ContainPOW>
		</Enemy>
		<Enemy>
			<ID>8</ID>
			<Pattern>4</Pattern>
			<X>500</X>
			<Y>800</Y>
			<OriginX>500</OriginX>
			<OriginY>350</OriginY>
			<Repeat>0</Repeat>
			<Advanced>1</Advanced>
			<ContainPOW>0</ContainPOW>
		</Enemy>
		<Enemy>
			<ID>7</ID>
			<Pattern>0</Pattern>
			<X>750</X>
			<Y>800</Y>
			<Angle>0</Angle>
			<Repeat>0</Repeat>
			<Advanced>0</Advanced>
			<ContainPOW>0</ContainPOW>
		</Enemy>
	</Event>
	<Event>
		<Music>Boss.wav</Music>
		<Delay>100</Delay>
		<Enemy>
			<ID>15</ID>
			<Pattern>5</Pattern>
			<X>500</X>
			<Y>-100</Y>
			<Repeat>1</Repeat>
			<Advanced>0</Advanced>
			<ContainPOW>0</ContainPOW>
		</Enemy>
	</Event>
</Data>