<Data>
	<Title>Stage 5</Title>
	<Event>
		<Music>Windy_Day.wav</Music>
		<Delay>100</Delay>
		<Enemy>
			<ID>5</ID>
			<Pattern>4</Pattern>
			<X>-100</X>
			<Y>250</Y>
			<OriginX>50</OriginX>
			<OriginY>250</OriginY>
			<Repeat>0</Repeat>
			<Advanced>0</Advanced>
		</Enemy>
		<Enemy>
			<ID>5</ID>
			<Pattern>4</Pattern>
			<X>-100</X>
			<Y>450</Y>
			<OriginX>50</OriginX>
			<OriginY>450</OriginY>
			<Repeat>0</Repeat>
			<Advanced>0</Advanced>
		</Enemy>
		<Enemy>
			<ID>5</ID>
			<Pattern>4</Pattern>
			<X>1100</X>
			<Y>250</Y>
			<OriginX>950</OriginX>
			<OriginY>250</OriginY>
			<Repeat>0</Repeat>
			<Advanced>0</Advanced>
		</Enemy>
		<Enemy>
			<ID>5</ID>
			<Pattern>4</Pattern>
			<X>1100</X>
			<Y>450</Y>
			<OriginX>950</OriginX>
			<OriginY>450</OriginY>
			<Repeat>0</Repeat>
			<Advanced>0</Advanced>
		</Enemy>
		<Enemy>
			<ID>5</ID>
			<Pattern>4</Pattern>
			<X>300</X>
			<Y>-100</Y>
			<OriginX>300</OriginX>
			<OriginY>50</OriginY>
			<Repeat>0</Repeat>
			<Advanced>0</Advanced>
		</Enemy>
		<Enemy>
			<ID>5</ID>
			<Pattern>4</Pattern>
			<X>700</X>
			<Y>-100</Y>
			<OriginX>700</OriginX>
			<OriginY>50</OriginY>
			<Repeat>0</Repeat>
			<Advanced>0</Advanced>
		</Enemy>
		<Enemy>
			<ID>5</ID>
			<Pattern>4</Pattern>
			<X>300</X>
			<Y>800</Y>
			<OriginX>300</OriginX>
			<OriginY>650</OriginY>
			<Repeat>0</Repeat>
			<Advanced>0</Advanced>
		</Enemy>
		<Enemy>
			<ID>5</ID>
			<Pattern>4</Pattern>
			<X>700</X>
			<Y>800</Y>
			<OriginX>700</OriginX>
			<OriginY>650</OriginY>
			<Repeat>0</Repeat>
			<Advanced>0</Advanced>
		</Enemy>
	</Event>
	<Event>
		<Delay>50</Delay>
		<Enemy>
			<ID>10</ID>
			<Pattern>2</Pattern>
			<X>500</X>
			<Y>-100</Y>
			<OriginX>500</OriginX>
			<OriginY>350</OriginY>
			<Radius>300</Radius>
			<TowardsPositive>1</TowardsPositive>
			<Repeat>0</Repeat>
			<Advanced>0</Advanced>
			<ContainPOW>0</ContainPOW>
		</Enemy>
		<Enemy>
			<ID>10</ID>
			<Pattern>2</Pattern>
			<X>500</X>
			<Y>-100</Y>
			<OriginX>500</OriginX>
			<OriginY>350</OriginY>
			<Radius>300</Radius>
			<TowardsPositive>0</TowardsPositive>
			<Repeat>0</Repeat>
			<Advanced>0</Advanced>
			<ContainPOW>0</ContainPOW>
		</Enemy>
		<Enemy>
			<ID>10</ID>
			<Pattern>2</Pattern>
			<X>500</X>
			<Y>800</Y>
			<OriginX>500</OriginX>
			<OriginY>350</OriginY>
			<Radius>300</Radius>
			<TowardsPositive>1</TowardsPositive>
			<Repeat>0</Repeat>
			<Advanced>0</Advanced>
			<ContainPOW>0</ContainPOW>
		</Enemy>
		<Enemy>
			<ID>10</ID>
			<Pattern>2</Pattern>
			<X>500</X>
			<Y>800</Y>
			<OriginX>500</OriginX>
			<OriginY>350</OriginY>
			<Radius>300</Radius>
			<TowardsPositive>0</TowardsPositive>
			<Repeat>0</Repeat>
			<Advanced>0</Advanced>
			<ContainPOW>0</ContainPOW>
		</Enemy>
	</Event>
	<Event>
		<Delay>50</Delay>
		<Enemy>
			<ID>5</ID>
			<Pattern>1</Pattern>
			<X>600</X>
			<Y>-100</Y>
			<Amplitude>-2</Amplitude>
			<Stretch>2</Stretch>
			<PosInFormula>-25</PosInFormula>
			<TowardsPositive>1</TowardsPositive>
			<Inverse>0</Inverse>
			<Repeat>1</Repeat>
			<Advanced>0</Advanced>
			<ContainPOW>0</ContainPOW>
		</Enemy>
		<Enemy>
			<ID>5</ID>
			<Pattern>1</Pattern>
			<X>400</X>
			<Y>-100</Y>
			<Amplitude>-2</Amplitude>
			<Stretch>2</Stretch>
			<PosInFormula>25</PosInFormula>
			<TowardsPositive>0</TowardsPositive>
			<Inverse>0</Inverse>
			<Repeat>1</Repeat>
			<Advanced>0</Advanced>
			<ContainPOW>0</ContainPOW>
		</Enemy>
	</Event>
	<Event>
		<Delay>50</Delay>
		<Enemy>
			<ID>14</ID>
			<Pattern>0</Pattern>
			<X>150</X>
			<Y>-100</Y>
			<Angle>180</Angle>
			<Repeat>1</Repeat>
			<Advanced>0</Advanced>
			<ContainPOW>1</ContainPOW>
			<POWID>6</POWID>
		</Enemy>
		<Enemy>
			<ID>14</ID>
			<Pattern>0</Pattern>
			<X>250</X>
			<Y>-100</Y>
			<Angle>180</Angle>
			<Repeat>1</Repeat>
			<Advanced>0</Advanced>
			<ContainPOW>1</ContainPOW>
			<POWID>6</POWID>
		</Enemy>
		<Enemy>
			<ID>14</ID>
			<Pattern>0</Pattern>
			<X>350</X>
			<Y>-100</Y>
			<Angle>180</Angle>
			<Repeat>1</Repeat>
			<Advanced>0</Advanced>
			<ContainPOW>1</ContainPOW>
			<POWID>6</POWID>
		</Enemy>
		<Enemy>
			<ID>14</ID>
			<Pattern>0</Pattern>
			<X>450</X>
			<Y>-100</Y>
			<Angle>180</Angle>
			<Repeat>1</Repeat>
			<Advanced>0</Advanced>
			<ContainPOW>1</ContainPOW>
			<POWID>6</POWID>
		</Enemy>
		<Enemy>
			<ID>14</ID>
			<Pattern>0</Pattern>
			<X>550</X>
			<Y>-100</Y>
			<Angle>180</Angle>
			<Repeat>1</Repeat>
			<Advanced>0</Advanced>
			<ContainPOW>0</ContainPOW>
		</Enemy>
		<Enemy>
			<ID>14</ID>
			<Pattern>0</Pattern>
			<X>650</X>
			<Y>-100</Y>
			<Angle>180</Angle>
			<Repeat>1</Repeat>
			<Advanced>0</Advanced>
			<ContainPOW>1</ContainPOW>
			<POWID>6</POWID>
		</Enemy>
		<Enemy>
			<ID>14</ID>
			<Pattern>0</Pattern>
			<X>750</X>
			<Y>-100</Y>
			<Angle>180</Angle>
			<Repeat>1</Repeat>
			<Advanced>0</Advanced>
			<ContainPOW>1</ContainPOW>
			<POWID>6</POWID>
		</Enemy>
		<Enemy>
			<ID>14</ID>
			<Pattern>0</Pattern>
			<X>850</X>
			<Y>-100</Y>
			<Angle>180</Angle>
			<Repeat>1</Repeat>
			<Advanced>0</Advanced>
			<ContainPOW>1</ContainPOW>
			<POWID>6</POWID>
		</Enemy>
		<Enemy>
			<ID>14</ID>
			<Pattern>0</Pattern>
			<X>-200</X>
			<Y>150</Y>
			<Angle>90</Angle>
			<Repeat>1</Repeat>
			<Advanced>0</Advanced>
			<ContainPOW>1</ContainPOW>
			<POWID>6</POWID>
		</Enemy>
		<Enemy>
			<ID>14</ID>
			<Pattern>0</Pattern>
			<X>-200</X>
			<Y>250</Y>
			<Angle>90</Angle>
			<Repeat>1</Repeat>
			<Advanced>0</Advanced>
			<ContainPOW>1</ContainPOW>
			<POWID>6</POWID>
		</Enemy>
		<Enemy>
			<ID>14</ID>
			<Pattern>0</Pattern>
			<X>-200</X>
			<Y>350</Y>
			<Angle>90</Angle>
			<Repeat>1</Repeat>
			<Advanced>0</Advanced>
			<ContainPOW>1</ContainPOW>
			<POWID>6</POWID>
		</Enemy>
		<Enemy>
			<ID>14</ID>
			<Pattern>0</Pattern>
			<X>-200</X>
			<Y>450</Y>
			<Angle>90</Angle>
			<Repeat>1</Repeat>
			<Advanced>0</Advanced>
			<ContainPOW>1</ContainPOW>
			<POWID>6</POWID>
		</Enemy>
		<Enemy>
			<ID>14</ID>
			<Pattern>0</Pattern>
			<X>-200</X>
			<Y>550</Y>
			<Angle>90</Angle>
			<Repeat>1</Repeat>
			<Advanced>0</Advanced>
			<ContainPOW>1</ContainPOW>
			<POWID>6</POWID>
		</Enemy>
		<Enemy>
			<ID>14</ID>
			<Pattern>0</Pattern>
			<X>-200</X>
			<Y>650</Y>
			<Angle>90</Angle>
			<Repeat>1</Repeat>
			<Advanced>0</Advanced>
			<ContainPOW>1</ContainPOW>
			<POWID>6</POWID>
		</Enemy>
	</Event>
	<Event>
		<Music>Final_Boss.wav</Music>
		<Delay>200</Delay>
		<Enemy>
			<ID>18</ID>
			<Pattern>2</Pattern>
			<X>500</X>
			<Y>-100</Y>
			<OriginX>500</OriginX>
			<OriginY>350</OriginY>
			<Radius>200</Radius>
			<TowardsPositive>1</TowardsPositive>
			<Repeat>1</Repeat>
			<Advanced>0</Advanced>
			<ContainPOW>0</ContainPOW>
		</Enemy>
	</Event>
</Data>