<Data>
	<Category>
		<Name>Images</Name>
		<Section>
			<Owner>Prinz Eugn (Mark Simpson)</Owner>
			<Object>Aircrafts</Object>
		</Section>
		<Section>
			<Owner>Nigel Chan</Owner>
			<Object>Background</Object>
		</Section>
		<Section>
			<Owner>Nigel Chan</Owner>
			<Object>Attacks</Object>
		</Section>
		<Section>
			<Owner>Kengine Gaming</Owner>
			<Object>Explosion</Object>
		</Section>
	</Category>
	<Category>
		<Name>Program</Name>
		<Section>
			<Owner>Vincent Tang</Owner>
			<Object>Enemy movements</Object>
		</Section>
		<Section>
			<Owner>Nigel Chan</Owner>
			<Object>Menu</Object>
			<Object>Control</Object>
			<Object>XML data input</Object>
			<Object>Opening crawl</Object>
			<Object>LAN network connection</Object>
		</Section>
	</Category>
	<Category>
		<Name>Java Libraries</Name>
		<Section>
			<Owner>Sun Microsystems</Owner>
			<Object>Java 2 Platform</Object>
		</Section>
		<Section>
			<Owner>Michael Laforest</Owner>
			<Object>WiiUseJ</Object>
		</Section>
	</Category>
	<Category>
		<Name>Software used</Name>
		<Section>
			<Owner>Oracle Corporation and/or its affiliates</Owner>
			<Object>NetBeans IDE</Object>
		</Section>
		<Section>
			<Owner>Jasc</Owner>
			<Object>Paint Shop Pro 8.0</Object>
		</Section>
		<Section>
			<Owner>Microsoft</Owner>
			<Object>Paint</Object>
		</Section>
	</Category>
</Data>