<All>
	<Enemy>
		<!-- ID: 0 -->
		<Name>MiG-51S</Name>
		<Image>Enemy_0.png</Image>
		<HP>1000</HP>
		<Speed>10</Speed>
		<Score>1000</Score>
		<Attack>
			<X>40</X>
			<Y>125</Y>
			<Type>10</Type>
		</Attack>
		<Attack>
			<X>70</X>
			<Y>125</Y>
			<Type>10</Type>
		</Attack>
		<Attack>
			<X>20</X>
			<Y>142</Y>
			<Type>8</Type>
		</Attack>
		<Attack>
			<X>88</X>
			<Y>142</Y>
			<Type>8</Type>
		</Attack>
	</Enemy>
	<Enemy>
		<!-- ID: 1 -->
		<Name>MiG-51</Name>
		<Image>Enemy_1.png</Image>
		<HP>900</HP>
		<Speed>10</Speed>
		<Score>500</Score>
		<Attack>
			<X>25</X>
			<Y>127</Y>
			<Type>8</Type>
		</Attack>
		<Attack>
			<X>77</X>
			<Y>127</Y>
			<Type>8</Type>
		</Attack>
	</Enemy>
	<Enemy>
		<!-- ID: 2 -->
		<Name>Su-49</Name>
		<Image>Enemy_2.png</Image>
		<HP>500</HP>
		<Speed>15</Speed>
		<Score>500</Score>
		<Attack>
			<X>25</X>
			<Y>100</Y>
			<Type>8</Type>
		</Attack>
		<Attack>
			<X>60</X>
			<Y>100</Y>
			<Type>8</Type>
		</Attack>
	</Enemy>
	<Enemy>
		<!-- ID: 3 -->
		<Name>Su-55</Name>
		<Image>Enemy_3.png</Image>
		<HP>500</HP>
		<Speed>5</Speed>
		<Score>500</Score>
		<Attack>
			<X>15</X>
			<Y>130</Y>
			<Type>1</Type>
		</Attack>
		<Attack>
			<X>54</X>
			<Y>105</Y>
			<Type>8</Type>
		</Attack>
		<Attack>
			<X>93</X>
			<Y>130</Y>
			<Type>1</Type>
		</Attack>
	</Enemy>
	<Enemy>
		<!-- ID: 4 -->
		<Name>J-12</Name>
		<Image>Enemy_4.png</Image>
		<HP>100</HP>
		<Speed>5</Speed>
		<Score>100</Score>
		<Attack>
			<X>40</X>
			<Y>80</Y>
			<Type>11</Type>
		</Attack>
	</Enemy>
	<Enemy>
		<!-- ID: 5 -->
		<Name>Su-37K</Name>
		<Image>Enemy_5.png</Image>
		<HP>300</HP>
		<Speed>10</Speed>
		<Score>150</Score>
		<Attack>
			<X>28</X>
			<Y>103</Y>
			<Type>12</Type>
		</Attack>
		<Attack>
			<X>83</X>
			<Y>103</Y>
			<Type>12</Type>
		</Attack>
	</Enemy>
	<Enemy>
		<!-- ID: 6 -->
		<Name>Su-51K</Name>
		<Image>Enemy_6.png</Image>
		<HP>500</HP>
		<Speed>10</Speed>
		<Score>800</Score>
		<Attack>
			<X>15</X>
			<Y>96</Y>
			<Type>12</Type>
		</Attack>
		<Attack>
			<X>39</X>
			<Y>108</Y>
			<Type>12</Type>
		</Attack>
		<Attack>
			<X>65</X>
			<Y>100</Y>
			<Type>8</Type>
		</Attack>
		<Attack>
			<X>90</X>
			<Y>108</Y>
			<Type>12</Type>
		</Attack>
		<Attack>
			<X>112</X>
			<Y>96</Y>
			<Type>12</Type>
		</Attack>
	</Enemy>
	<Enemy>
		<!-- ID: 7 -->
		<Name>F/AX-44</Name>
		<Image>Enemy_7.png</Image>
		<HP>300</HP>
		<Speed>15</Speed>
		<Score>300</Score>
		<Attack>
			<X>54</X>
			<Y>105</Y>
			<Type>8</Type>
		</Attack>
	</Enemy>
	<Enemy>
		<!-- ID: 8 -->
		<Name>SR-91A</Name>
		<Image>Enemy_8.png</Image>
		<HP>1000</HP>
		<Speed>10</Speed>
		<Score>800</Score>
		<Attack>
			<X>55</X>
			<Y>135</Y>
			<Type>9</Type>
		</Attack>
	</Enemy>
	<Enemy>
		<!-- ID: 9 -->
		<Name>F-22B</Name>
		<Image>Enemy_9.png</Image>
		<HP>500</HP>
		<Speed>10</Speed>
		<Score>300</Score>
		<Attack>
			<X>26</X>
			<Y>105</Y>
			<Type>2</Type>
		</Attack>
		<Attack>
			<X>51</X>
			<Y>105</Y>
			<Type>2</Type>
		</Attack>
		<Attack>
			<X>80</X>
			<Y>105</Y>
			<Type>2</Type>
		</Attack>
	</Enemy>
	<Enemy>
		<!-- ID: 10 -->
		<Name>F-45A</Name>
		<Image>Enemy_10.png</Image>
		<HP>800</HP>
		<Speed>10</Speed>
		<Score>500</Score>
		<Attack>
			<X>50</X>
			<Y>100</Y>
			<Type>10</Type>
		</Attack>
	</Enemy>
	<Enemy>
		<!-- ID: 11 -->
		<Name>F-35D</Name>
		<Image>Enemy_11.png</Image>
		<HP>100</HP>
		<Speed>5</Speed>
		<Score>150</Score>
		<Attack>
			<X>18</X>
			<Y>72</Y>
			<Type>11</Type>
		</Attack>
		<Attack>
			<X>60</X>
			<Y>72</Y>
			<Type>11</Type>
		</Attack>
	</Enemy>
	<Enemy>
		<!-- ID: 12 -->
		<Name>F-15F</Name>
		<Image>Enemy_12.png</Image>
		<HP>1000</HP>
		<Speed>10</Speed>
		<Score>1000</Score>
		<Attack>
			<X>15</X>
			<Y>100</Y>
			<Type>7</Type>
		</Attack>
		<Attack>
			<X>27</X>
			<Y>63</Y>
			<Type>7</Type>
		</Attack>
		<Attack>
			<X>48</X>
			<Y>55</Y>
			<Type>7</Type>
		</Attack>
		<Attack>
			<X>61</X>
			<Y>63</Y>
			<Type>7</Type>
		</Attack>
		<Attack>
			<X>50</X>
			<Y>81</Y>
			<Type>7</Type>
		</Attack>
	</Enemy>
	<Enemy>
		<!-- ID: 13 -->
		<Name>F/A-28A</Name>
		<Image>Enemy_13.png</Image>
		<HP>500</HP>
		<Speed>10</Speed>
		<Score>300</Score>
		<Attack>
			<X>24</X>
			<Y>105</Y>
			<Type>2</Type>
		</Attack>
		<Attack>
			<X>54</X>
			<Y>68</Y>
			<Type>8</Type>
		</Attack>
		<Attack>
			<X>88</X>
			<Y>105</Y>
			<Type>2</Type>
		</Attack>
	</Enemy>
	<Enemy>
		<!-- ID: 14 -->
		<Name>Assaulter</Name>
		<Image>Assaulter.png</Image>
		<HP>300</HP>
		<Speed>15</Speed>
		<Score>1500</Score>
		<Attack>
			<X>47</X>
			<Y>34</Y>
			<Type>6</Type>
		</Attack>
	</Enemy>
	<Enemy>
		<!-- ID: 15 -->
		<Name>Accelerator</Name>
		<Image>Accelerator.png</Image>
		<HP>5000</HP>
		<Speed>20</Speed>
		<Score>100000</Score>
		<Attack>
			<X>155</X>
			<Y>180</Y>
			<Type>4</Type>
			<Angle>0</Angle>
		</Attack>
		<Attack>
			<X>106</X>
			<Y>206</Y>
			<Type>10</Type>
			<Angle>180</Angle>
		</Attack>
		<Attack>
			<X>202</X>
			<Y>206</Y>
			<Type>10</Type>
			<Angle>180</Angle>
		</Attack>
	</Enemy>
	<Enemy>
		<!-- ID: 16 -->
		<Name>Cyclone</Name>
		<Image>Cyclone.png</Image>
		<HP>6000</HP>
		<Speed>10</Speed>
		<Score>200000</Score>
		<Attack>
			<X>63</X>
			<Y>65</Y>
			<Type>8</Type>
			<Angle>270</Angle>
		</Attack>
		<Attack>
			<X>63</X>
			<Y>65</Y>
			<Type>8</Type>
			<Angle>300</Angle>
		</Attack>
		<Attack>
			<X>63</X>
			<Y>65</Y>
			<Type>8</Type>
			<Angle>330</Angle>
		</Attack>
		<Attack>
			<X>63</X>
			<Y>65</Y>
			<Type>8</Type>
			<Angle>0</Angle>
		</Attack>
		<Attack>
			<X>63</X>
			<Y>65</Y>
			<Type>8</Type>
			<Angle>30</Angle>
		</Attack>
		<Attack>
			<X>63</X>
			<Y>65</Y>
			<Type>8</Type>
			<Angle>60</Angle>
		</Attack>
		<Attack>
			<X>63</X>
			<Y>65</Y>
			<Type>8</Type>
			<Angle>90</Angle>
		</Attack>
	</Enemy>
	<Enemy>
		<!-- ID: 17 -->
		<Name>Executioner</Name>
		<Image>Executioner.png</Image>
		<HP>7000</HP>
		<Speed>10</Speed>
		<Score>300000</Score>
		<Attack>
			<X>69</X>
			<Y>120</Y>
			<Type>9</Type>
		</Attack>
		<Attack>
			<X>46</X>
			<Y>118</Y>
			<Type>5</Type>
		</Attack>
		<Attack>
			<X>93</X>
			<Y>120</Y>
			<Type>5</Type>
		</Attack>
		<Attack>
			<X>46</X>
			<Y>118</Y>
			<Type>2</Type>
			<Angle>210</Angle>
		</Attack>
		<Attack>
			<X>93</X>
			<Y>120</Y>
			<Type>2</Type>
			<Angle>150</Angle>
		</Attack>
	</Enemy>
	<Enemy>
		<!-- ID: 18 -->
		<Name>Conqueror</Name>
		<Image>Conqueror.png</Image>
		<HP>20000</HP>
		<Speed>5</Speed>
		<Score>1000000</Score>
		<Attack>
			<X>106</X>
			<Y>278</Y>
			<Type>9</Type>
		</Attack>
		<Attack>
			<X>106</X>
			<Y>156</Y>
			<Type>7</Type>
			<Angle>30</Angle>
		</Attack>
		<Attack>
			<X>106</X>
			<Y>156</Y>
			<Type>7</Type>
			<Angle>330</Angle>
		</Attack>
		<Attack>
			<X>106</X>
			<Y>156</Y>
			<Type>7</Type>
			<Angle>315</Angle>
		</Attack>
		<Attack>
			<X>106</X>
			<Y>156</Y>
			<Type>7</Type>
			<Angle>45</Angle>
		</Attack>
		<Attack>
			<X>106</X>
			<Y>156</Y>
			<Type>7</Type>
			<Angle>280</Angle>
		</Attack>
		<Attack>
			<X>106</X>
			<Y>156</Y>
			<Type>7</Type>
			<Angle>80</Angle>
		</Attack>
		<Attack>
			<X>106</X>
			<Y>156</Y>
			<Type>7</Type>
			<Angle>260</Angle>
		</Attack>
		<Attack>
			<X>106</X>
			<Y>156</Y>
			<Type>7</Type>
			<Angle>100</Angle>
		</Attack>
		<Attack>
			<X>106</X>
			<Y>156</Y>
			<Type>7</Type>
			<Angle>240</Angle>
		</Attack>
		<Attack>
			<X>106</X>
			<Y>156</Y>
			<Type>7</Type>
			<Angle>120</Angle>
		</Attack>
		<Attack>
			<X>106</X>
			<Y>156</Y>
			<Type>7</Type>
			<Angle>340</Angle>
		</Attack>
		<Attack>
			<X>106</X>
			<Y>156</Y>
			<Type>7</Type>
			<Angle>20</Angle>
		</Attack>
		<Attack>
			<X>67</X>
			<Y>316</Y>
			<Type>8</Type>
			<Angle>180</Angle>
		</Attack>
		<Attack>
			<X>148</X>
			<Y>316</Y>
			<Type>8</Type>
			<Angle>180</Angle>
		</Attack>
		<Attack>
			<X>103</X>
			<Y>279</Y>
			<Type>10</Type>
			<Angle>45</Angle>
		</Attack>
		<Attack>
			<X>103</X>
			<Y>279</Y>
			<Type>10</Type>
			<Angle>135</Angle>
		</Attack>
		<Attack>
			<X>103</X>
			<Y>279</Y>
			<Type>10</Type>
			<Angle>225</Angle>
		</Attack>
		<Attack>
			<X>103</X>
			<Y>279</Y>
			<Type>10</Type>
			<Angle>315</Angle>
		</Attack>
		<Attack>
			<X>106</X>
			<Y>126</Y>
			<Type>6</Type>
		</Attack>
	</Enemy>
	<Enemy>
		<!-- ID: 19 -->
		<Name>Nightmare</Name>
		<Image>Nightmare.png</Image>
		<HP>15000</HP>
		<Speed>15</Speed>
		<Score>500000</Score>
		<Attack>
			<X>124</X>
			<Y>83</Y>
			<Type>6</Type>
		</Attack>
		<Attack>
			<X>124</X>
			<Y>320</Y>
			<Type>6</Type>
			<Angle>180</Angle>
		</Attack>
		<Attack>
			<X>126</X>
			<Y>272</Y>
			<Type>3</Type>
		</Attack>
		<Attack>
			<X>77</X>
			<Y>307</Y>
			<Type>1</Type>
		</Attack>
		<Attack>
			<X>166</X>
			<Y>307</Y>
			<Type>1</Type>
		</Attack>
		<Attack>
			<X>103</X>
			<Y>279</Y>
			<Type>4</Type>
			<Angle>45</Angle>
		</Attack>
		<Attack>
			<X>103</X>
			<Y>279</Y>
			<Type>4</Type>
			<Angle>135</Angle>
		</Attack>
		<Attack>
			<X>103</X>
			<Y>279</Y>
			<Type>4</Type>
			<Angle>225</Angle>
		</Attack>
		<Attack>
			<X>103</X>
			<Y>279</Y>
			<Type>4</Type>
			<Angle>315</Angle>
		</Attack>
	</Enemy>
</All>