<!-- ID is arranged in the order of the list -->
<Data>
	<Projectile>
		<Name>Vulcan</Name>
		<Rate>5</Rate>
		<Speed>20</Speed>
		<Damage>50</Damage>
		<Homing>0</Homing>
		<EnemyOnly>0</EnemyOnly>
		<Image>Projectile_0.png</Image>
	</Projectile>
	<Projectile>
		<Name>Missile</Name>
		<Rate>20</Rate>
		<Speed>10</Speed>
		<Damage>100</Damage>
		<Homing>1</Homing>
		<EnemyOnly>0</EnemyOnly>
		<Image>Projectile_1.png</Image>
	</Projectile>
	<Projectile>
		<Name>Pin Missile</Name>
		<Rate>3</Rate>
		<Speed>25</Speed>
		<Damage>20</Damage>
		<Homing>1</Homing>
		<EnemyOnly>0</EnemyOnly>
		<Image>Projectile_2.png</Image>
	</Projectile>
	<Projectile>
		<Name>Energy Pulse</Name>
		<Rate>5</Rate>
		<Speed>20</Speed>
		<Damage>15</Damage>
		<Homing>1</Homing>
		<EnemyOnly>0</EnemyOnly>
		<Image>Projectile_3.png</Image>
	</Projectile>
	<Projectile>
		<Name>Atomic Missile</Name>
		<Rate>100</Rate>
		<Speed>20</Speed>
		<Damage>2000</Damage>
		<Homing>0</Homing>
		<EnemyOnly>0</EnemyOnly>
		<Image>Projectile_4.png</Image>
	</Projectile>
	<Projectile>
		<Name>Particle Pulse</Name>
		<Rate>30</Rate>
		<Speed>15</Speed>
		<Damage>300</Damage>
		<Homing>0</Homing>
		<EnemyOnly>0</EnemyOnly>
		<Image>Projectile_5.png</Image>
	</Projectile>
	<Projectile>
		<Name>Rainbow Laser</Name>
		<Rate>1</Rate>
		<Speed>30</Speed>
		<Damage>15</Damage>
		<Homing>0</Homing>
		<EnemyOnly>0</EnemyOnly>
		<Image>Projectile_6.png</Image>
	</Projectile>
	<Projectile>
		<Name>Machine Gun</Name>
		<Rate>5</Rate>
		<Speed>20</Speed>
		<Damage>50</Damage>
		<Homing>0</Homing>
		<EnemyOnly>1</EnemyOnly>
		<Image>Projectile_7.png</Image>
	</Projectile>
	<Projectile>
		<Name>Void Bomb</Name>
		<Rate>20</Rate>
		<Speed>20</Speed>
		<Damage>100</Damage>
		<Homing>0</Homing>
		<EnemyOnly>0</EnemyOnly>
		<Image>Projectile_8.png</Image>
	</Projectile>
	<Projectile>
		<Name>Energy Cannon</Name>
		<Rate>30</Rate>
		<Speed>10</Speed>
		<Damage>200</Damage>
		<Homing>1</Homing>
		<EnemyOnly>0</EnemyOnly>
		<Image>Projectile_9.png</Image>
	</Projectile>
	<Projectile>
		<Name>Electron Beam</Name>
		<Rate>2</Rate>
		<Speed>30</Speed>
		<Damage>20</Damage>
		<Homing>0</Homing>
		<EnemyOnly>0</EnemyOnly>
		<Image>Projectile_10.png</Image>
	</Projectile>
	<Projectile>
		<Name>Bullet</Name>
		<Rate>20</Rate>
		<Speed>10</Speed>
		<Damage>50</Damage>
		<Homing>0</Homing>
		<EnemyOnly>1</EnemyOnly>
		<Image>Projectile_11.png</Image>
	</Projectile>
	<Projectile>
		<Name>Advanced Bullet</Name>
		<Rate>20</Rate>
		<Speed>15</Speed>
		<Damage>75</Damage>
		<Homing>0</Homing>
		<EnemyOnly>1</EnemyOnly>
		<Image>Projectile_12.png</Image>
	</Projectile>
</Data>