<Data>
	<Title>Stage 1</Title>
	<Event>
		<Music>Windy_Day.wav</Music>
		<Delay>100</Delay>
		<Enemy>
			<ID>1</ID>
			<Pattern>0</Pattern>
			<X>-100</X>
			<Y>200</Y>
			<Angle>90</Angle>
			<Repeat>1</Repeat>
			<Advanced>0</Advanced>
		</Enemy>
		<Enemy>
			<ID>1</ID>
			<Pattern>0</Pattern>
			<X>1100</X>
			<Y>400</Y>
			<Angle>270</Angle>
			<Repeat>1</Repeat>
			<Advanced>0</Advanced>
		</Enemy>
	</Event>
	<Event>
		<Delay>50</Delay>
		<Enemy>
			<ID>3</ID>
			<Pattern>2</Pattern>
			<X>500</X>
			<Y>800</Y>
			<OriginX>500</OriginX>
			<OriginY>350</OriginY>
			<Radius>300</Radius>
			<TowardsPositive>1</TowardsPositive>
			<Repeat>1</Repeat>
			<Advanced>0</Advanced>
		</Enemy>
		<Enemy>
			<ID>3</ID>
			<Pattern>2</Pattern>
			<X>500</X>
			<Y>-100</Y>
			<OriginX>500</OriginX>
			<OriginY>350</OriginY>
			<Radius>200</Radius>
			<TowardsPositive>1</TowardsPositive>
			<Repeat>1</Repeat>
			<Advanced>0</Advanced>
		</Enemy>
		<Enemy>
			<ID>3</ID>
			<Pattern>2</Pattern>
			<X>-100</X>
			<Y>350</Y>
			<OriginX>500</OriginX>
			<OriginY>350</OriginY>
			<Radius>100</Radius>
			<TowardsPositive>1</TowardsPositive>
			<Repeat>1</Repeat>
			<Advanced>0</Advanced>
		</Enemy>
		<Enemy>
			<ID>3</ID>
			<Pattern>4</Pattern>
			<X>1100</X>
			<Y>350</Y>
			<OriginX>500</OriginX>
			<OriginY>350</OriginY>
			<Repeat>0</Repeat>
			<Advanced>1</Advanced>
		</Enemy>
	</Event>
	<Event>
		<Delay>50</Delay>
		<Enemy>
			<ID>5</ID>
			<Pattern>5</Pattern>
			<X>-100</X>
			<Y>250</Y>
			<Repeat>1</Repeat>
			<Advanced>0</Advanced>
		</Enemy>
		<Enemy>
			<ID>5</ID>
			<Pattern>5</Pattern>
			<X>-100</X>
			<Y>450</Y>
			<Repeat>1</Repeat>
			<Advanced>0</Advanced>
		</Enemy>
		<Enemy>
			<ID>5</ID>
			<Pattern>5</Pattern>
			<X>1100</X>
			<Y>250</Y>
			<Repeat>1</Repeat>
			<Advanced>0</Advanced>
		</Enemy>
		<Enemy>
			<ID>5</ID>
			<Pattern>5</Pattern>
			<X>1100</X>
			<Y>450</Y>
			<Repeat>1</Repeat>
			<Advanced>0</Advanced>
		</Enemy>
		<Enemy>
			<ID>5</ID>
			<Pattern>5</Pattern>
			<X>300</X>
			<Y>-100</Y>
			<Repeat>1</Repeat>
			<Advanced>0</Advanced>
		</Enemy>
		<Enemy>
			<ID>5</ID>
			<Pattern>5</Pattern>
			<X>700</X>
			<Y>-100</Y>
			<Repeat>1</Repeat>
			<Advanced>0</Advanced>
		</Enemy>
		<Enemy>
			<ID>5</ID>
			<Pattern>5</Pattern>
			<X>300</X>
			<Y>800</Y>
			<Repeat>1</Repeat>
			<Advanced>0</Advanced>
		</Enemy>
		<Enemy>
			<ID>5</ID>
			<Pattern>5</Pattern>
			<X>700</X>
			<Y>800</Y>
			<Repeat>1</Repeat>
			<Advanced>0</Advanced>
		</Enemy>
	</Event>
	<Event>
		<Delay>50</Delay>
		<Enemy>
			<ID>8</ID>
			<Pattern>3</Pattern>
			<X>1100</X>
			<Y>350</Y>
			<Amplitude>75</Amplitude>
			<Stretch>4</Stretch>
			<TowardsPositive>0</TowardsPositive>
			<Inverse>0</Inverse>
			<Repeat>1</Repeat>
			<Advanced>0</Advanced>
		</Enemy>
		<Enemy>
			<ID>8</ID>
			<Pattern>3</Pattern>
			<X>1100</X>
			<Y>350</Y>
			<Amplitude>-75</Amplitude>
			<Stretch>4</Stretch>
			<TowardsPositive>0</TowardsPositive>
			<Inverse>0</Inverse>
			<Repeat>1</Repeat>
			<Advanced>0</Advanced>
		</Enemy>
		<Enemy>
			<ID>8</ID>
			<Pattern>3</Pattern>
			<X>500</X>
			<Y>-100</Y>
			<Amplitude>75</Amplitude>
			<Stretch>4</Stretch>
			<TowardsPositive>1</TowardsPositive>
			<Inverse>1</Inverse>
			<Repeat>1</Repeat>
			<Advanced>0</Advanced>
		</Enemy>
		<Enemy>
			<ID>8</ID>
			<Pattern>3</Pattern>
			<X>500</X>
			<Y>-100</Y>
			<Amplitude>-75</Amplitude>
			<Stretch>4</Stretch>
			<TowardsPositive>1</TowardsPositive>
			<Inverse>1</Inverse>
			<Repeat>1</Repeat>
			<Advanced>0</Advanced>
		</Enemy>
	</Event>
	<Event>
		<Delay>50</Delay>
		<Enemy>
			<ID>7</ID>
			<Pattern>4</Pattern>
			<X>1100</X>
			<Y>-100</Y>
			<OriginX>900</OriginX>
			<OriginY>100</OriginY>
			<Repeat>0</Repeat>
			<Advanced>1</Advanced>
		</Enemy>
		<Enemy>
			<ID>7</ID>
			<Pattern>4</Pattern>
			<X>-100</X>
			<Y>-100</Y>
			<OriginX>100</OriginX>
			<OriginY>100</OriginY>
			<Repeat>0</Repeat>
			<Advanced>1</Advanced>
		</Enemy>
		<Enemy>
			<ID>7</ID>
			<Pattern>4</Pattern>
			<X>-100</X>
			<Y>800</Y>
			<OriginX>100</OriginX>
			<OriginY>600</OriginY>
			<Repeat>0</Repeat>
			<Advanced>1</Advanced>
		</Enemy>
		<Enemy>
			<ID>7</ID>
			<Pattern>4</Pattern>
			<X>1100</X>
			<Y>800</Y>
			<OriginX>900</OriginX>
			<OriginY>600</OriginY>
			<Repeat>0</Repeat>
			<Advanced>1</Advanced>
		</Enemy>
	</Event>
	<Event>
		<Delay>50</Delay>
		<Enemy>
			<ID>14</ID>
			<Pattern>2</Pattern>
			<X>-100</X>
			<Y>-100</Y>
			<OriginX>250</OriginX>
			<OriginY>350</OriginY>
			<Radius>200</Radius>
			<TowardsPositive>1</TowardsPositive>
			<Repeat>0</Repeat>
			<Advanced>0</Advanced>
		</Enemy>
		<Enemy>
			<ID>14</ID>
			<Pattern>2</Pattern>
			<X>1100</X>
			<Y>-100</Y>
			<OriginX>750</OriginX>
			<OriginY>350</OriginY>
			<Radius>200</Radius>
			<TowardsPositive>0</TowardsPositive>
			<Repeat>0</Repeat>
			<Advanced>0</Advanced>
		</Enemy>
	</Event>
	<Event>
		<Delay>50</Delay>
		<Enemy>
			<ID>10</ID>
			<Pattern>1</Pattern>
			<X>600</X>
			<Y>-100</Y>
			<Amplitude>-2</Amplitude>
			<Stretch>2</Stretch>
			<PosInFormula>-25</PosInFormula>
			<TowardsPositive>1</TowardsPositive>
			<Inverse>0</Inverse>
			<Repeat>1</Repeat>
			<Advanced>0</Advanced>
		</Enemy>
		<Enemy>
			<ID>10</ID>
			<Pattern>1</Pattern>
			<X>400</X>
			<Y>-100</Y>
			<Amplitude>-2</Amplitude>
			<Stretch>2</Stretch>
			<PosInFormula>25</PosInFormula>
			<TowardsPositive>0</TowardsPositive>
			<Inverse>0</Inverse>
			<Repeat>1</Repeat>
			<Advanced>0</Advanced>
		</Enemy>
		<Enemy>
			<ID>12</ID>
			<Pattern>0</Pattern>
			<X>500</X>
			<Y>800</Y>
			<Angle>0</Angle>
			<Repeat>1</Repeat>
			<Advanced>0</Advanced>
		</Enemy>
	</Event>
	<Event>
		<Delay>50</Delay>
		<Enemy>
			<ID>13</ID>
			<Pattern>0</Pattern>
			<X>500</X>
			<Y>800</Y>
			<Angle>0</Angle>
			<Repeat>1</Repeat>
			<Advanced>0</Advanced>
		</Enemy>
		<Enemy>
			<ID>13</ID>
			<Pattern>0</Pattern>
			<X>250</X>
			<Y>-100</Y>
			<Angle>180</Angle>
			<Repeat>1</Repeat>
			<Advanced>0</Advanced>
		</Enemy>
		<Enemy>
			<ID>13</ID>
			<Pattern>0</Pattern>
			<X>750</X>
			<Y>-100</Y>
			<Angle>180</Angle>
			<Repeat>1</Repeat>
			<Advanced>0</Advanced>
		</Enemy>
	</Event>
	<Event>
		<Delay>50</Delay>
		<Enemy>
			<ID>0</ID>
			<Pattern>2</Pattern>
			<X>-100</X>
			<Y>-100</Y>
			<OriginX>250</OriginX>
			<OriginY>350</OriginY>
			<Radius>200</Radius>
			<TowardsPositive>1</TowardsPositive>
			<Repeat>0</Repeat>
			<Advanced>1</Advanced>
		</Enemy>
		<Enemy>
			<ID>0</ID>
			<Pattern>2</Pattern>
			<X>1100</X>
			<Y>-100</Y>
			<OriginX>750</OriginX>
			<OriginY>350</OriginY>
			<Radius>200</Radius>
			<TowardsPositive>0</TowardsPositive>
			<Repeat>0</Repeat>
			<Advanced>1</Advanced>
		</Enemy>
	</Event>
	<Event>
		<Music>Boss.wav</Music>
		<Delay>100</Delay>
		<Enemy>
			<ID>16</ID>
			<Pattern>5</Pattern>
			<X>-100</X>
			<Y>-100</Y>
			<Repeat>1</Repeat>
			<Advanced>0</Advanced>
		</Enemy>
		<Enemy>
			<ID>16</ID>
			<Pattern>5</Pattern>
			<X>1100</X>
			<Y>-100</Y>
			<Repeat>1</Repeat>
			<Advanced>0</Advanced>
		</Enemy>
	</Event>
</Data>