<Data>
	<Title>Stage 1</Title>
	<Event>
		<Music>Windy_Day.wav</Music>
		<Delay>100</Delay>
		<Enemy>
			<ID>8</ID>
			<Pattern>0</Pattern>
			<X>-100</X>
			<Y>200</Y>
			<Angle>90</Angle>
			<Repeat>1</Repeat>
			<Advanced>0</Advanced>
		</Enemy>
		<Enemy>
			<ID>8</ID>
			<Pattern>0</Pattern>
			<X>1100</X>
			<Y>400</Y>
			<Angle>270</Angle>
			<Repeat>1</Repeat>
			<Advanced>0</Advanced>
		</Enemy>
		<Enemy>
			<ID>3</ID>
			<Pattern>2</Pattern>
			<X>500</X>
			<Y>1100</Y>
			<OriginX>500</OriginX>
			<OriginY>350</OriginY>
			<Radius>300</Radius>
			<TowardsPositive>1</TowardsPositive>
			<Repeat>1</Repeat>
			<Advanced>0</Advanced>
		</Enemy>
		<Enemy>
			<ID>3</ID>
			<Pattern>2</Pattern>
			<X>500</X>
			<Y>-100</Y>
			<OriginX>500</OriginX>
			<OriginY>350</OriginY>
			<Radius>200</Radius>
			<TowardsPositive>1</TowardsPositive>
			<Repeat>1</Repeat>
			<Advanced>0</Advanced>
		</Enemy>
		<Enemy>
			<ID>3</ID>
			<Pattern>2</Pattern>
			<X>-100</X>
			<Y>350</Y>
			<OriginX>500</OriginX>
			<OriginY>350</OriginY>
			<Radius>100</Radius>
			<TowardsPositive>1</TowardsPositive>
			<Repeat>1</Repeat>
			<Advanced>0</Advanced>
		</Enemy>
		<Enemy>
			<ID>3</ID>
			<Pattern>4</Pattern>
			<X>1100</X>
			<Y>350</Y>
			<OriginX>500</OriginX>
			<OriginY>350</OriginY>
			<Repeat>0</Repeat>
			<Advanced>1</Advanced>
		</Enemy>
	</Event>
	<Event>
		<Delay>50</Delay>
		<Enemy>
			<ID>0</ID>
			<Pattern>5</Pattern>
			<X>-100</X>
			<Y>-100</Y>
			<Repeat>1</Repeat>
			<Advanced>0</Advanced>
		</Enemy>
		<Enemy>
			<ID>0</ID>
			<Pattern>5</Pattern>
			<X>1100</X>
			<Y>800</Y>
			<Repeat>1</Repeat>
			<Advanced>0</Advanced>
		</Enemy>
	</Event>
	<Event>
		<Delay>50</Delay>
		<Enemy>
			<ID>14</ID>
			<Pattern>2</Pattern>
			<X>500</X>
			<Y>-100</Y>
			<OriginX>500</OriginX>
			<OriginY>350</OriginY>
			<Radius>200</Radius>
			<TowardsPositive>1</TowardsPositive>
			<Repeat>1</Repeat>
			<Advanced>0</Advanced>
		</Enemy>
		<Enemy>
			<ID>14</ID>
			<Pattern>2</Pattern>
			<X>500</X>
			<Y>-300</Y>
			<OriginX>500</OriginX>
			<OriginY>350</OriginY>
			<Radius>200</Radius>
			<TowardsPositive>1</TowardsPositive>
			<Repeat>1</Repeat>
			<Advanced>0</Advanced>
		</Enemy>
		<Enemy>
			<ID>14</ID>
			<Pattern>2</Pattern>
			<X>500</X>
			<Y>-500</Y>
			<OriginX>500</OriginX>
			<OriginY>350</OriginY>
			<Radius>200</Radius>
			<TowardsPositive>1</TowardsPositive>
			<Repeat>1</Repeat>
			<Advanced>0</Advanced>
		</Enemy>
		<Enemy>
			<ID>14</ID>
			<Pattern>2</Pattern>
			<X>500</X>
			<Y>800</Y>
			<OriginX>500</OriginX>
			<OriginY>350</OriginY>
			<Radius>200</Radius>
			<TowardsPositive>0</TowardsPositive>
			<Repeat>1</Repeat>
			<Advanced>0</Advanced>
		</Enemy>
		<Enemy>
			<ID>14</ID>
			<Pattern>2</Pattern>
			<X>500</X>
			<Y>1000</Y>
			<OriginX>500</OriginX>
			<OriginY>350</OriginY>
			<Radius>200</Radius>
			<TowardsPositive>0</TowardsPositive>
			<Repeat>1</Repeat>
			<Advanced>0</Advanced>
		</Enemy>
		<Enemy>
			<ID>14</ID>
			<Pattern>2</Pattern>
			<X>500</X>
			<Y>1200</Y>
			<OriginX>500</OriginX>
			<OriginY>350</OriginY>
			<Radius>200</Radius>
			<TowardsPositive>0</TowardsPositive>
			<Repeat>1</Repeat>
			<Advanced>0</Advanced>
		</Enemy>
	</Event>
	<Event>
		<Music>Final_Boss.wav</Music>
		<Delay>100</Delay>
		<Enemy>
			<ID>19</ID>
			<Pattern>2</Pattern>
			<X>500</X>
			<Y>-100</Y>
			<OriginX>500</OriginX>
			<OriginY>350</OriginY>
			<Radius>0</Radius>
			<TowardsPositive>1</TowardsPositive>
			<Repeat>1</Repeat>
			<Advanced>0</Advanced>
		</Enemy>
		<Enemy>
			<ID>19</ID>
			<Pattern>2</Pattern>
			<X>500</X>
			<Y>800</Y>
			<OriginX>500</OriginX>
			<OriginY>350</OriginY>
			<Radius>300</Radius>
			<TowardsPositive>1</TowardsPositive>
			<Repeat>1</Repeat>
			<Advanced>0</Advanced>
		</Enemy>
	</Event>
</Data>