<AllMissions>
	<Mission>
		<Name>Last Hope</Name>
		<Stages>5</Stages>
		<Folder>Default</Folder>
		<Description>Due to the overpopulation of Earth, human beings are planning to invade Mars. As a Martian, you are the only one who can stop this massacre by a surprise attack.</Description>
		<Thumbnail>marvin.png</Thumbnail>
	</Mission>
	<Mission>
		<Name>The showdown</Name>
		<Stages>1</Stages>
		<Folder>FinalBoss</Folder>
		<Description>The showndown between you and the Conqueror</Description>
		<Thumbnail>Conqueror.png</Thumbnail>
	</Mission>
	<Mission>
		<Name>Saving Lieutenant Chan</Name>
		<Stages>3</Stages>
		<Folder>Rescue</Folder>
		<Description>Do you still remember the person who taught you how to control the aircraft? Unfortunately, he is now caught by the enemies! Don't you recall the good old times when you learn your lesson in the instructions section? Save him now! WARNING: EXPERT ONLY!</Description>
		<Thumbnail>Aircraft.png</Thumbnail>
	</Mission>
</AllMissions>