<?xml version="1.0" encoding="UTF-8"?>
<project-private xmlns="http://www.netbeans.org/ns/project-private/1">
    <editor-bookmarks xmlns="http://www.netbeans.org/ns/editor-bookmarks/1"/>
    <open-files xmlns="http://www.netbeans.org/ns/projectui-open-files/1">
        <file>file:/C:/Users/Nigel/Dropbox/assignment/cs349/A3/JSketch/src/jsketch/components/buttons/AndroidButton.java</file>
        <file>file:/C:/Users/Nigel/Dropbox/assignment/cs349/A3/JSketch/src/jsketch/containers/TopToolBar.java</file>
        <file>file:/C:/Users/Nigel/Dropbox/assignment/cs349/A3/JSketch/src/jsketch/components/buttons/ExportButton.java</file>
        <file>file:/C:/Users/Nigel/Dropbox/assignment/cs349/A3/JSketch/src/jsketch/models/DialogModel.java</file>
        <file>file:/C:/Users/Nigel/Dropbox/assignment/cs349/A3/JSketch/src/jsketch/utilities/ProjectExporter.java</file>
        <file>file:/C:/Users/Nigel/Dropbox/assignment/cs349/A3/JSketch/src/jsketch/json/JSONObject.java</file>
        <file>file:/C:/Users/Nigel/Dropbox/assignment/cs349/A3/JSketch/src/jsketch/json/JSONType.java</file>
        <file>file:/C:/Users/Nigel/Dropbox/assignment/cs349/A3/JSketch/src/jsketch/json/JSONString.java</file>
        <file>file:/C:/Users/Nigel/Dropbox/assignment/cs349/A3/JSketch/src/jsketch/json/JSONNumber.java</file>
        <file>file:/C:/Users/Nigel/Dropbox/assignment/cs349/A3/JSketch/src/jsketch/json/JSONInteger.java</file>
        <file>file:/C:/Users/Nigel/Dropbox/assignment/cs349/A3/JSketch/src/jsketch/json/JSONArray.java</file>
        <file>file:/C:/Users/Nigel/Dropbox/assignment/cs349/A3/JSketch/src/jsketch/project/JSketchStroke.java</file>
        <file>file:/C:/Users/Nigel/Dropbox/assignment/cs349/A3/JSketch/src/jsketch/project/JSketchPath.java</file>
        <file>file:/C:/Users/Nigel/Dropbox/assignment/cs349/A3/JSketch/src/jsketch/project/RelativeTransform.java</file>
        <file>file:/C:/Users/Nigel/Dropbox/assignment/cs349/A3/JSketch/src/jsketch/project/TransformEvent.java</file>
        <file>file:/C:/Users/Nigel/Dropbox/assignment/cs349/A3/JSketch/src/jsketch/models/TimerModel.java</file>
        <file>file:/C:/Users/Nigel/Dropbox/assignment/cs349/A3/JSketch/src/jsketch/components/TimeSliderPreview.java</file>
        <file>file:/C:/Users/Nigel/Dropbox/assignment/cs349/A3/JSketch/src/jsketch/utilities/MathHelper.java</file>
        <file>file:/C:/Users/Nigel/Dropbox/assignment/cs349/A3/JSketch/src/jsketch/Main.java</file>
        <file>file:/C:/Users/Nigel/Dropbox/assignment/cs349/A3/JSketch/src/jsketch/dialogs/DialogViewController.java</file>
    </open-files>
</project-private>
